Kamran, kaamipresents@gmail.com, Gryffindor
Hermoine, hermoine@gmail.com, Gryffindor
Ron, ron@gmail.com, Gryffindor
Neville, neville@gmail.com, Gryffindor
Luna, luna@gmail.com, Slytherin
Draco, draco@gmail.com, Slytherin
Ginny, ginny@gmail.com, Slytherin
Cedric, cedric@gmail.com, Slytherin
Cho, cho@gmail.com, Hufflepuff